,City,Price,Area,Location,No. of Bedrooms
0,Bangalore,30000000,3340,JP Nagar Phase 1,4
1,Bangalore,7888000,1045,Dasarahalli on Tumkur Road,2
2,Bangalore,4866000,1179,Kannur on Thanisandra Main Road,2
3,Bangalore,8358000,1675,Doddanekundi,3
4,Bangalore,6845000,1670,Kengeri,3
5,Bangalore,6797000,1220,Horamavu,2
6,Bangalore,20000000,2502,Thanisandra,4
7,Bangalore,7105000,1438,Ramamurthy Nagar,3
8,Bangalore,8405000,1405,Whitefield Hope Farm Junction,3
9,Bangalore,3506000,660,Electronic City Phase 1,1
10,Bangalore,7700000,1362,Yelahanka,2
11,Bangalore,9369000,1735,Anjanapura,3
12,Bangalore,8716000,1575,Jalahalli,3
13,Bangalore,5394000,1120,Kasavanahalli,2
14,Bangalore,6367000,1415,Whitefield Hope Farm Junction,3
15,Bangalore,5080000,1270,Bommasandra,2
16,Bangalore,7209999,1311,Bellandur,3
17,Bangalore,5700000,1210,RR Nagar,2
36,Bangalore,12400000,1705,Whitefield Hope Farm Junction,3
37,Bangalore,4900000,1187,Begur,2
59,Bangalore,9630000,2293,Kannur on Thanisandra Main Road,3
60,Bangalore,9458000,1726,Hosa Road,3
61,Bangalore,23700000,2470,Sahakar Nagar,4
62,Bangalore,7363000,1570,Kadugodi,3
63,Bangalore,5489000,1120,Jakkur,2
64,Bangalore,4216000,1506,Jigani,3
65,Bangalore,4368000,1040,Krishnarajapura,2
66,Bangalore,7600000,1150,Brookefield,2
67,Bangalore,4545000,1045,Horamavu,2
68,Bangalore,23100000,2480,Banashankari,3
69,Bangalore,8000000,1160,RR Nagar,2
70,Bangalore,4514000,1143,RR Nagar,2
71,Bangalore,5460000,1300,RR Nagar,2
72,Bangalore,4414000,966,Nelamangala,2
73,Bangalore,8868000,1245,Begur,2
74,Bangalore,6133000,1275,Ramamurthy Nagar,2
75,Bangalore,3038000,1085,Attibele,2
76,Bangalore,7100000,1286,Nelamangala,3
77,Bangalore,7506999,1155,Banaswadi,2
78,Bangalore,6520000,1304,Whitefield Hope Farm Junction,3
79,Bangalore,6389000,1120,Kodigehalli,2
80,Bangalore,11700000,2017,ITPL,3
81,Bangalore,5600000,1340,Uttarahalli Hobli,3
82,Bangalore,4562000,1304,Electronic City Phase 1,3
83,Bangalore,2951000,649,Ramamurthy Nagar,1
84,Bangalore,4264000,1108,Krishnarajapura,2
85,Bangalore,6698000,1675,Krishnarajapura,3
86,Bangalore,8100000,718,Chikkagubbi on Hennur Main Road,2
87,Bangalore,4500000,1075,Kasavanahalli,2
88,Bangalore,4928000,1120,Varthur,2
89,Bangalore,6100000,1350,Vidyaranyapura,2
90,Bangalore,6151000,1404,Electronic City Phase 2,2
91,Bangalore,5426000,1080,Begur,2
92,Bangalore,13000000,1800,J. P. Nagar,3
93,Bangalore,4850000,1060,K. Chudahalli,2
94,Bangalore,4604000,1540,Narayanaghatta,3
95,Bangalore,3607000,1110,Anekal City,3
96,Bangalore,16500000,1645,Sahakar Nagar,3
97,Bangalore,4840000,1345,Sarjapur,3
98,Bangalore,25800000,1866,Koramangala,3
99,Bangalore,51000000,3500,Hebbal,3
100,Bangalore,4809000,1145,Electronic City Phase 1,2
101,Bangalore,5070000,935,Budigere Cross,2
102,Bangalore,10500000,1455,Bommanahalli,3
103,Bangalore,6850000,1305,Uttarahalli Hobli,2
104,Bangalore,4580000,1145,Varthur,2
105,Bangalore,5559000,1635,Whitefield Hope Farm Junction,3
106,Bangalore,4723000,1145,RR Nagar,2
107,Bangalore,4465000,1175,Krishnarajapura,3
108,Bangalore,8954000,1216,Varthur,2
109,Bangalore,4000000,1005,Electronics City,2
110,Bangalore,5400000,1200,Chikkalasandra,2
111,Bangalore,8784000,1279,Kogilu,2
112,Bangalore,7900000,1180,Nayandahalli,2
113,Bangalore,4781000,1310,Electronic City Phase 2,3
114,Bangalore,15000000,1776,Bilekahalli,3
115,Bangalore,4700000,1125,Horamavu,2
116,Bangalore,7767000,1195,Muneshwara Nagar,3
117,Bangalore,6487000,1272,Thanisandra,2
118,Bangalore,14000000,2170,Junnasandra,3
119,Bangalore,8758000,1510,RR Nagar,3
120,Bangalore,13100000,1846,Narayanapura on Hennur Main Road,3
121,Bangalore,5500000,1170,Kothanur,2
122,Bangalore,4900000,1215,Kadugodi Industrial Area,2
124,Bangalore,8779000,1245,Kannur on Thanisandra Main Road,2
125,Bangalore,22000000,1833,ITPL,3
126,Bangalore,5329000,969,Sarjapur Road Wipro To Railway Crossing,2
127,Bangalore,7500000,1100,RMV Extension Stage 2,2
128,Bangalore,3779999,900,Kudlu,2
130,Bangalore,9000000,1306,Talaghattapura,2
134,Bangalore,8218000,1505,Electronic City Phase 2,3
135,Bangalore,8656000,1502,Jakkur,3
136,Bangalore,7520000,1675,Doddanekundi,3
137,Bangalore,6148000,1083,Kumbalgodu,3
138,Bangalore,11000000,1805,Begur,3
139,Bangalore,11399999,1880,Begur,3
140,Bangalore,13000000,2180,Begur,4
141,Bangalore,11299999,1850,Begur,3
142,Bangalore,4900000,1188,Kannur on Thanisandra Main Road,2
143,Bangalore,5002000,1215,Kannur on Thanisandra Main Road,2
144,Bangalore,5036000,1224,Kannur on Thanisandra Main Road,2
145,Bangalore,6736000,1350,Doddanekundi,2
146,Bangalore,8233000,1650,Doddanekundi,3
147,Bangalore,6761000,1355,Doddanekundi,3
148,Bangalore,6611000,1325,Doddanekundi,2
149,Bangalore,6287000,1260,Doddanekundi,2
150,Bangalore,6437000,1290,Doddanekundi,2
151,Bangalore,6112000,1225,Doddanekundi,2
152,Bangalore,6487000,1300,Doddanekundi,2
153,Bangalore,9412000,1247,Dasarahalli on Tumkur Road,2
154,Bangalore,10500000,1486,Dasarahalli on Tumkur Road,3
155,Bangalore,10200000,1433,Dasarahalli on Tumkur Road,3
156,Bangalore,4722000,1152,Kengeri,2
157,Bangalore,4586000,1119,Kengeri,2
158,Bangalore,4582000,1118,Kengeri,2
159,Bangalore,6787000,1656,Kengeri,3
160,Bangalore,9319000,1629,Horamavu,3
161,Bangalore,6892000,1237,Horamavu,2
162,Bangalore,9277000,1275,Bommanahalli,2
163,Bangalore,11600000,1615,Bommanahalli,3
164,Bangalore,10900000,1515,Bommanahalli,3
165,Bangalore,10500000,1455,Bommanahalli,3
166,Bangalore,9859000,1360,Bommanahalli,3
167,Bangalore,6973999,1409,Ramamurthy Nagar,3
168,Bangalore,5705000,1139,Ramamurthy Nagar,2
169,Bangalore,5772000,1154,Ramamurthy Nagar,2
170,Bangalore,6720999,1353,Ramamurthy Nagar,3
171,Bangalore,6761000,1362,Ramamurthy Nagar,3
172,Bangalore,5677000,1133,Ramamurthy Nagar,2
173,Bangalore,5384000,1068,Ramamurthy Nagar,2
174,Bangalore,9141000,1540,Whitefield Hope Farm Junction,3
175,Bangalore,9522000,1610,Whitefield Hope Farm Junction,3
176,Bangalore,10000000,1715,Whitefield Hope Farm Junction,3
177,Bangalore,7211000,1195,Whitefield Hope Farm Junction,2
178,Bangalore,8514000,1425,Whitefield Hope Farm Junction,3
179,Bangalore,10300000,1760,Whitefield Hope Farm Junction,3
180,Bangalore,7783000,1300,Whitefield Hope Farm Junction,2
181,Bangalore,7429000,1235,Whitefield Hope Farm Junction,2
182,Bangalore,7809999,1305,Whitefield Hope Farm Junction,2
184,Bangalore,6250000,1120,Electronic City Phase 1,2
186,Bangalore,3797999,715,Electronic City Phase 1,1
188,Bangalore,5034000,910,Electronic City Phase 1,2
190,Bangalore,7897000,1430,Electronic City Phase 1,3
192,Bangalore,5327000,965,Electronic City Phase 1,2
194,Bangalore,8269000,1500,Electronic City Phase 1,3
196,Bangalore,5958000,1065,Electronic City Phase 1,2
198,Bangalore,6900000,1273,Yelahanka,2
199,Bangalore,9700000,1705,Yelahanka,3
200,Bangalore,7300000,1304,Yelahanka,2
201,Bangalore,9180000,1700,Anjanapura,3
202,Bangalore,6986000,1277,Carmelaram,2
203,Bangalore,6081000,1111,Carmelaram,2
204,Bangalore,7891000,1443,Carmelaram,3
205,Bangalore,6070000,1109,Carmelaram,2
206,Bangalore,5961000,1089,Carmelaram,2
207,Bangalore,8442000,1544,Carmelaram,3
208,Bangalore,9003000,1647,Carmelaram,3
209,Bangalore,5923000,1082,Carmelaram,2
210,Bangalore,6174000,1128,Carmelaram,2
211,Bangalore,5994000,1095,Carmelaram,2
212,Bangalore,8180000,1496,Carmelaram,3
213,Bangalore,7662000,1401,Carmelaram,3
214,Bangalore,8763000,1538,Horamavu,3
215,Bangalore,8957000,1573,Horamavu,3
216,Bangalore,6581000,1181,Horamavu,2
217,Bangalore,9640000,1687,Horamavu,3
218,Bangalore,6664000,1196,Horamavu,2
219,Bangalore,6631000,1190,Horamavu,2
220,Bangalore,10000000,1766,Horamavu,3
221,Bangalore,9879000,1730,Horamavu,3
222,Bangalore,8529000,1532,Horamavu,3
223,Bangalore,7252000,1305,Jalahalli,2
224,Bangalore,9037000,1645,Jalahalli,3
225,Bangalore,7298000,1315,Jalahalli,2
226,Bangalore,10400000,1950,Jalahalli,3
227,Bangalore,9520000,1750,Jalahalli,3
228,Bangalore,7229000,1300,Jalahalli,2
229,Bangalore,9887000,1830,Jalahalli,3
230,Bangalore,10300000,1935,Jalahalli,3
231,Bangalore,7159999,1285,Jalahalli,2
232,Bangalore,10700000,2010,Jalahalli,3
233,Bangalore,8900000,1615,Jalahalli,3
234,Bangalore,9382000,1720,Jalahalli,3
235,Bangalore,7344000,1325,Jalahalli,2
236,Bangalore,7091000,1270,Jalahalli,2
237,Bangalore,6279000,1320,Kasavanahalli,3
238,Bangalore,5306000,1100,Kasavanahalli,2
239,Bangalore,6655000,1405,Kasavanahalli,3
240,Bangalore,5195000,1075,Kasavanahalli,2
241,Bangalore,5483000,1140,Kasavanahalli,2
242,Bangalore,5527000,1150,Kasavanahalli,2
243,Bangalore,6412000,1350,Kasavanahalli,3
244,Bangalore,6036000,1265,Kasavanahalli,3
245,Bangalore,4930000,1015,Kasavanahalli,2
246,Bangalore,6611000,1395,Kasavanahalli,3
247,Bangalore,5173000,1070,Kasavanahalli,2
248,Bangalore,6058000,1270,Kasavanahalli,3
250,Bangalore,5085000,1050,Kasavanahalli,2
251,Bangalore,6434000,1355,Kasavanahalli,3
252,Bangalore,5262000,1090,Kasavanahalli,2
253,Bangalore,6681999,1485,Whitefield Hope Farm Junction,3
254,Bangalore,6525000,1450,Whitefield Hope Farm Junction,3
255,Bangalore,6997000,1555,Whitefield Hope Farm Junction,3
256,Bangalore,6097000,1355,Whitefield Hope Farm Junction,3
257,Bangalore,6120000,1360,Whitefield Hope Farm Junction,3
258,Bangalore,6142000,1365,Whitefield Hope Farm Junction,3
259,Bangalore,6727000,1495,Whitefield Hope Farm Junction,3
260,Bangalore,6277000,1395,Whitefield Hope Farm Junction,3
261,Bangalore,6750000,1500,Whitefield Hope Farm Junction,3
262,Bangalore,6456999,1435,Whitefield Hope Farm Junction,3
263,Bangalore,5240000,1310,Bommasandra,3
264,Bangalore,4120000,1030,Bommasandra,2
265,Bangalore,7012000,1275,Bellandur,3
266,Bangalore,8195000,1490,Bellandur,3
267,Bangalore,8050000,1706,RR Nagar,3
268,Bangalore,5900000,1258,RR Nagar,2
269,Bangalore,8100000,1723,RR Nagar,3
270,Bangalore,6400000,1369,RR Nagar,2
271,Bangalore,6275000,1335,RR Nagar,2
272,Bangalore,14400000,2000,Whitefield Hope Farm Junction,3
273,Bangalore,13700000,1900,Whitefield Hope Farm Junction,3
274,Bangalore,11399999,1560,Whitefield Hope Farm Junction,3
275,Bangalore,4500000,1097,Begur,2
278,Bangalore,29600000,3300,JP Nagar Phase 1,4
280,Bangalore,8800000,1195,Varthur,2
281,Bangalore,15400000,2321,Varthur,3
282,Bangalore,11000000,1655,Varthur,3
283,Bangalore,9122000,2172,Kannur on Thanisandra Main Road,3
284,Bangalore,5267000,1505,Uttarahalli,3
285,Bangalore,3507000,1002,Uttarahalli,2
286,Bangalore,4816000,1376,Uttarahalli,3
287,Bangalore,4312000,1232,Uttarahalli,2
288,Bangalore,5295000,1513,Uttarahalli,3
289,Bangalore,3696000,1056,Uttarahalli,2
290,Bangalore,4140000,1183,Uttarahalli,2
291,Bangalore,3832000,1095,Uttarahalli,2
292,Bangalore,3377000,965,Uttarahalli,2
293,Bangalore,4560000,1303,Uttarahalli,3
294,Bangalore,5015000,1433,Uttarahalli,3
295,Bangalore,3769000,1077,Uttarahalli,2
296,Bangalore,3447000,985,Uttarahalli,2
297,Bangalore,4956000,1416,Uttarahalli,3
298,Bangalore,5323000,1521,Uttarahalli,3
299,Bangalore,3954999,1130,Uttarahalli,2
300,Bangalore,3419000,977,Uttarahalli,2
301,Bangalore,5351000,1529,Uttarahalli,3
302,Bangalore,4434000,1267,Uttarahalli,3
303,Bangalore,7837000,1866,Anagalapura Near Hennur Main Road,3
304,Bangalore,9834000,2235,Anagalapura Near Hennur Main Road,3
305,Bangalore,8298999,1976,Anagalapura Near Hennur Main Road,3
306,Bangalore,8728000,2182,Anagalapura Near Hennur Main Road,3
307,Bangalore,9453000,1725,Hosa Road,3
308,Bangalore,15000000,1795,Sahakar Nagar,2
309,Bangalore,8900000,1000,Sahakar Nagar,1
310,Bangalore,14400000,1740,Sahakar Nagar,2
311,Bangalore,12700000,1490,Sahakar Nagar,2
312,Bangalore,12500000,1320,Sahakar Nagar,3
313,Bangalore,20099999,2330,Sahakar Nagar,4
314,Bangalore,18800000,2165,Sahakar Nagar,3
315,Bangalore,13700000,1645,Sahakar Nagar,2
316,Bangalore,18900000,1985,Sahakar Nagar,3
317,Bangalore,8500000,1616,Avalahalli Off Sarjapur Road,3
318,Bangalore,12000000,2225,Sarjapur Road Wipro To Railway Crossing,3
319,Bangalore,9000000,1541,Hosa Road,3
320,Bangalore,9300000,1515,Varthur,3
321,Bangalore,11000000,1690,Uttarahalli,3
322,Bangalore,12000000,2225,Sarjapur Road Wipro To Railway Crossing,3
323,Bangalore,18000000,1770,Bilekahalli,3
324,Bangalore,29300000,3012,Bilekahalli,4
325,Bangalore,22799999,2370,Bilekahalli,3
326,Bangalore,3200000,700,R T  Nagar,1
328,Bangalore,11000000,1335,JP Nagar Phase 7,2
329,Bangalore,9800000,1690,Subramanyapura,3
330,Bangalore,42500000,4282,JP Nagar Phase 4,4
331,Bangalore,13500000,1500,Sahakar Nagar,3
332,Bangalore,15600000,1880,JP Nagar Phase 7,3
333,Bangalore,18900000,1985,Sahakar Nagar,3
334,Bangalore,15400000,1795,Sahakar Nagar,2
335,Bangalore,12300000,1410,Sahakar Nagar,2
336,Bangalore,6845999,1042,JP Nagar Phase 8,2
337,Bangalore,9173000,1408,JP Nagar Phase 8,3
338,Bangalore,9471000,1455,JP Nagar Phase 8,3
339,Bangalore,7247000,1105,JP Nagar Phase 8,2
340,Bangalore,5599000,1120,Amruthahalli,2
341,Bangalore,11800000,1345,Sahakar Nagar,1
342,Bangalore,4815000,1107,Horamavu,2
343,Bangalore,4880000,1122,Horamavu,2
344,Bangalore,5050000,1161,Horamavu,2
345,Bangalore,4619000,1062,Horamavu,2
346,Bangalore,4785000,1100,Horamavu,2
347,Bangalore,4972000,1143,Horamavu,2
348,Bangalore,4737000,1089,Horamavu,2
349,Bangalore,4854000,1116,Horamavu,2
350,Bangalore,28300000,3033,Banashankari,4
351,Bangalore,21400000,2378,Banashankari,3
352,Bangalore,23500000,2522,Banashankari,3
353,Bangalore,29900000,3205,Banashankari,4
354,Bangalore,9200000,1376,RR Nagar,2
355,Bangalore,8000000,1168,RR Nagar,2
356,Bangalore,9200000,1373,RR Nagar,2
359,Bangalore,9300000,1376,RR Nagar,2
360,Bangalore,7900000,1168,RR Nagar,2
362,Bangalore,9100000,1373,RR Nagar,2
363,Bangalore,9000000,1373,RR Nagar,2
365,Bangalore,7900000,1160,RR Nagar,2
367,Bangalore,7800000,1160,RR Nagar,2
369,Bangalore,9100000,1376,RR Nagar,2
371,Bangalore,9000000,1373,RR Nagar,2
373,Bangalore,8800000,1373,RR Nagar,2
374,Bangalore,3990000,1140,Kengeri,3
375,Bangalore,4021000,1149,Kengeri,3
376,Bangalore,4088000,1168,Kengeri,3
377,Bangalore,9060000,1275,Begur,2
378,Bangalore,8644000,1210,Begur,2
379,Bangalore,8836000,1240,Begur,2
380,Bangalore,10200000,1450,Begur,3
381,Bangalore,8528000,1192,Begur,2
382,Bangalore,8516000,1190,Begur,2
383,Bangalore,8804000,1235,Begur,2
384,Bangalore,9910000,1400,Begur,3
385,Bangalore,7634000,1606,Ramamurthy Nagar,3
386,Bangalore,5970000,1239,Ramamurthy Nagar,2
387,Bangalore,7675000,1615,Ramamurthy Nagar,3
388,Bangalore,5702000,1180,Ramamurthy Nagar,2
389,Bangalore,6210000,1292,Ramamurthy Nagar,2
390,Bangalore,2520000,900,Attibele,2
391,Bangalore,3304000,1180,Attibele,3
392,Bangalore,3010000,1075,Attibele,3
393,Bangalore,2800000,1000,Attibele,2
394,Bangalore,2464000,880,Attibele,2
395,Bangalore,5557000,1185,Kadugodi,2
396,Bangalore,11900000,2540,Kadugodi,3
397,Bangalore,7738000,1650,Kadugodi,3
398,Bangalore,6354000,1355,Kadugodi,2
399,Bangalore,2814000,600,Kadugodi,1
400,Bangalore,5463000,1165,Kadugodi,2
401,Bangalore,7456999,1590,Kadugodi,3
402,Bangalore,5416000,1155,Kadugodi,2
403,Bangalore,11700000,2495,Kadugodi,3
404,Bangalore,5604000,1195,Kadugodi,2
405,Bangalore,7175000,1530,Kadugodi,3
406,Bangalore,7504000,1600,Kadugodi,3
407,Bangalore,5628000,1200,Kadugodi,2
408,Bangalore,5200000,884,Nagarbhavi,2
409,Bangalore,5200000,884,Nagarbhavi,2
410,Bangalore,6385000,1120,Kodigehalli,2
411,Bangalore,6531999,1005,Banaswadi,2
412,Bangalore,9457000,1455,Banaswadi,3
413,Bangalore,9035000,1390,Banaswadi,3
414,Bangalore,6662000,1025,Banaswadi,2
415,Bangalore,7181999,1105,Banaswadi,2
416,Bangalore,7377000,1135,Banaswadi,2
417,Bangalore,7125000,1425,Whitefield Hope Farm Junction,3
418,Bangalore,6389000,1125,Kodigehalli,2
419,Bangalore,6459000,1125,Kodigehalli,2
420,Bangalore,11800000,2021,ITPL,3
421,Bangalore,11500000,1971,ITPL,3
422,Bangalore,7920000,1354,ITPL,2
423,Bangalore,10700000,1845,ITPL,3
424,Bangalore,10600000,1823,ITPL,3
425,Bangalore,8464000,1447,ITPL,2
426,Bangalore,8184000,1399,ITPL,2
427,Bangalore,10100000,1735,ITPL,3
428,Bangalore,8178000,1398,ITPL,2
429,Bangalore,11299999,1940,ITPL,3
430,Bangalore,10100000,1743,ITPL,3
431,Bangalore,8289000,1417,ITPL,2
432,Bangalore,7856000,1343,ITPL,2
433,Bangalore,8254000,1411,ITPL,2
434,Bangalore,7820999,1337,ITPL,2
435,Bangalore,11700000,2010,ITPL,3
436,Bangalore,10500000,1797,ITPL,3
437,Bangalore,10300000,1768,ITPL,3
438,Bangalore,4455000,990,JP Nagar Phase 8,2
439,Bangalore,4905000,1090,JP Nagar Phase 8,2
440,Bangalore,5550000,1250,Vidyaranyapura,2
441,Bangalore,4500000,1012,Vidyaranyapura,2
442,Bangalore,13000000,1630,Narayanapura on Hennur Main Road,3
443,Bangalore,5500000,1082,Kumbalgodu,2
444,Bangalore,20700000,1987,JP Nagar Phase 7,3
445,Bangalore,3999000,1333,Sarjapur,3
446,Bangalore,3522000,1174,Sarjapur,3
447,Bangalore,2874000,958,Sarjapur,2
448,Bangalore,3682000,1473,Attibele,3
449,Bangalore,3427000,1371,Attibele,3
450,Bangalore,3932000,1573,Attibele,3
451,Bangalore,3822000,1529,Attibele,3
452,Bangalore,2487000,995,Attibele,2
453,Bangalore,5580000,1240,JP Nagar Phase 8,3
454,Bangalore,5130000,1140,JP Nagar Phase 8,3
455,Bangalore,4910000,884,Nagarbhavi,2
457,Bangalore,4342000,1241,Electronic City Phase 1,3
458,Bangalore,3338000,954,Electronic City Phase 1,2
459,Bangalore,2578000,737,Electronic City Phase 1,2
460,Bangalore,3415000,976,Electronic City Phase 1,2
461,Bangalore,3114000,890,Electronic City Phase 1,2
462,Bangalore,2879000,823,Electronic City Phase 1,2
463,Bangalore,4485000,1282,Electronic City Phase 1,3
464,Bangalore,3124000,893,Electronic City Phase 1,2
465,Bangalore,4713000,1347,Electronic City Phase 1,3
466,Bangalore,4517000,1291,Electronic City Phase 1,2
467,Bangalore,4734000,1353,Electronic City Phase 1,3
468,Bangalore,3159000,903,Electronic City Phase 1,2
469,Bangalore,4219000,1206,Electronic City Phase 1,3
471,Bangalore,2578000,743,Electronic City Phase 1,2
472,Bangalore,3645000,1042,Electronic City Phase 1,2
473,Bangalore,4342000,1241,Electronic City Phase 1,2
474,Bangalore,2253000,644,Electronic City Phase 1,1
475,Bangalore,2893000,827,Electronic City Phase 1,2
476,Bangalore,2614000,747,Electronic City Phase 1,2
477,Bangalore,10500000,2000,Nagarbhavi,3
478,Bangalore,4867000,1352,Electronic City Phase 1,3
479,Bangalore,4735000,1352,Electronic City Phase 1,3
480,Bangalore,2653000,737,Electronic City Phase 1,2
481,Bangalore,2862000,795,Electronic City Phase 1,2
482,Bangalore,3339000,954,Electronic City Phase 1,2
483,Bangalore,2962000,823,Electronic City Phase 1,2
484,Bangalore,2880000,823,Electronic City Phase 1,2
485,Bangalore,2318000,644,Electronic City Phase 1,1
486,Bangalore,2254000,644,Electronic City Phase 1,2
487,Bangalore,2254000,644,Electronic City Phase 1,1
488,Bangalore,2973000,826,Electronic City Phase 1,2
489,Bangalore,4870000,1353,Electronic City Phase 1,3
490,Bangalore,2781000,795,Electronic City Phase 1,2
492,Bangalore,2613000,747,Electronic City Phase 1,2
494,Bangalore,4783000,1367,Electronic City Phase 1,2
496,Bangalore,2879000,823,Electronic City Phase 1,2
497,Bangalore,5045000,1370,Electronic City Phase 2,3
498,Bangalore,4362000,1175,Electronic City Phase 2,2
499,Bangalore,5500000,1500,Electronic City Phase 2,3
500,Bangalore,4565000,1233,Electronic City Phase 2,2
501,Bangalore,4000000,1100,Electronic City Phase 2,2
502,Bangalore,4800000,1300,Electronic City Phase 2,3
503,Bangalore,4485000,1210,Electronic City Phase 2,2
504,Bangalore,4011999,1075,Electronic City Phase 2,2
505,Bangalore,4520000,1220,Electronic City Phase 2,2
506,Bangalore,4292000,1155,Electronic City Phase 2,2
507,Bangalore,4730000,1280,Electronic City Phase 2,3
508,Bangalore,4975000,1350,Electronic City Phase 2,3
509,Bangalore,4905000,1330,Electronic City Phase 2,3
510,Bangalore,4222000,1135,Electronic City Phase 2,2
511,Bangalore,3995000,1070,Electronic City Phase 2,2
512,Bangalore,8076000,2019,Kannur on Thanisandra Main Road,3
513,Bangalore,4700000,1005,Nagarbhavi,2
514,Bangalore,3579000,1193,Sarjapur,3
515,Bangalore,3372000,1124,Sarjapur,2
516,Bangalore,2922000,974,Sarjapur,2
517,Bangalore,2844000,948,Sarjapur,2
518,Bangalore,2901000,967,Sarjapur,2
519,Bangalore,2820000,940,Sarjapur,2
520,Bangalore,4458000,1486,Sarjapur,3
521,Bangalore,3483000,1161,Sarjapur,3
522,Bangalore,3699000,1233,Sarjapur,3
523,Bangalore,3906000,1302,Sarjapur,3
524,Bangalore,2889000,963,Sarjapur,2
525,Bangalore,3429000,1143,Sarjapur,2
526,Bangalore,4164000,1388,Sarjapur,3
527,Bangalore,3384000,1128,Sarjapur,2
528,Bangalore,2935000,1174,Attibele,2
529,Bangalore,4097000,1639,Attibele,3
530,Bangalore,3202000,1281,Attibele,2
531,Bangalore,2867000,1147,Attibele,2
532,Bangalore,3411999,1365,Attibele,3
533,Bangalore,2436000,870,Bommasandra,2
534,Bangalore,2800000,1000,Bommasandra,2
535,Bangalore,3010000,1075,Chandapura,3
536,Bangalore,2520000,900,Chandapura,2
537,Bangalore,3038000,1085,Chandapura,2
539,Bangalore,3177000,710,Ramamurthy Nagar,1
540,Bangalore,10600000,2674,Kannur on Thanisandra Main Road,3
541,Bangalore,7200000,1195,Bellandur,2
542,Bangalore,20400000,2360,Thanisandra,3
543,Bangalore,17600000,2307,Thanisandra,3
544,Bangalore,20200000,2127,JP Nagar Phase 7,3
545,Bangalore,10200000,1232,Narayanapura on Hennur Main Road,2
546,Bangalore,4002000,1040,Krishnarajapura,2
547,Bangalore,4568000,1187,Krishnarajapura,2
548,Bangalore,4056000,1054,Krishnarajapura,2
549,Bangalore,4303000,1118,Krishnarajapura,2
550,Bangalore,4299000,1117,Krishnarajapura,2
551,Bangalore,4541000,1180,Krishnarajapura,2
552,Bangalore,4210000,1094,Krishnarajapura,2
553,Bangalore,4195000,1090,Krishnarajapura,2
554,Bangalore,4226000,1098,Krishnarajapura,2
555,Bangalore,4638000,1205,Krishnarajapura,2
556,Bangalore,4699000,1221,Krishnarajapura,3
557,Bangalore,4426000,1150,Krishnarajapura,2
558,Bangalore,3925000,1020,Krishnarajapura,2
559,Bangalore,4345000,1129,Krishnarajapura,2
560,Bangalore,4086999,1062,Krishnarajapura,2
561,Bangalore,4076000,1059,Krishnarajapura,2
562,Bangalore,4072000,1058,Krishnarajapura,2
563,Bangalore,4614000,1199,Krishnarajapura,2
564,Bangalore,4054000,1448,Jigani,3
565,Bangalore,3500000,1250,Jigani,3
566,Bangalore,4165999,1488,Jigani,3
567,Bangalore,3068000,1096,Jigani,2
568,Bangalore,4174000,1491,Jigani,3
569,Bangalore,3052000,1090,Jigani,2
570,Bangalore,3085000,1102,Jigani,2
571,Bangalore,3264000,1166,Jigani,2
572,Bangalore,2576000,920,Jigani,2
573,Bangalore,3197000,1142,Jigani,2
574,Bangalore,4342000,1551,Jigani,3
575,Bangalore,3178000,1135,Jigani,2
576,Bangalore,3913000,1505,Marsur,3
577,Bangalore,3561999,1370,Marsur,3
578,Bangalore,4292000,1533,Jigani,3
579,Bangalore,2899000,1115,Marsur,2
580,Bangalore,2925000,1125,Marsur,2
581,Bangalore,2984000,1066,Jigani,2
582,Bangalore,3809000,1465,Marsur,3
584,Bangalore,4958000,1240,Krishnarajapura,2
586,Bangalore,4878000,1220,Krishnarajapura,2
588,Bangalore,4898000,1225,Krishnarajapura,2
590,Bangalore,5078000,1270,Krishnarajapura,2
593,Bangalore,3010000,1075,Attibele,3
594,Bangalore,2436000,870,Attibele,2
595,Bangalore,2800000,1000,Attibele,2
596,Bangalore,3388000,1210,Attibele,3
597,Bangalore,2520000,900,Attibele,2
598,Bangalore,3038000,1085,Attibele,2
599,Bangalore,2464000,880,Attibele,2
601,Bangalore,5797000,1414,Anagalapura Near Hennur Main Road,3
602,Bangalore,4928000,1120,Varthur,2
603,Bangalore,4147000,1185,Bommasandra,3
604,Bangalore,4400000,1000,Anagalapura Near Hennur Main Road,2
605,Bangalore,7211000,1373,JP Nagar Phase 3,3
606,Bangalore,5910000,1109,JP Nagar Phase 3,2
607,Bangalore,7423000,1415,JP Nagar Phase 3,3
608,Bangalore,9227000,1782,JP Nagar Phase 3,3
609,Bangalore,7263000,1383,JP Nagar Phase 3,3
610,Bangalore,6494000,1227,JP Nagar Phase 3,2
611,Bangalore,8458000,1626,JP Nagar Phase 3,3
612,Bangalore,9094000,1755,JP Nagar Phase 3,3
613,Bangalore,7847000,1502,JP Nagar Phase 3,3
614,Bangalore,6520999,1233,JP Nagar Phase 3,2
615,Bangalore,7184000,1367,JP Nagar Phase 3,3
616,Bangalore,5858000,1098,JP Nagar Phase 3,2
617,Bangalore,7689000,1470,JP Nagar Phase 3,3
618,Bangalore,6415000,1211,JP Nagar Phase 3,3
619,Bangalore,5752000,1077,JP Nagar Phase 3,2
620,Bangalore,6388000,1206,JP Nagar Phase 3,2
621,Bangalore,7078000,1346,JP Nagar Phase 3,3
622,Bangalore,5804000,1087,JP Nagar Phase 3,2
623,Bangalore,11200000,2185,JP Nagar Phase 3,3
624,Bangalore,7608000,1453,JP Nagar Phase 3,3
625,Bangalore,6361000,1200,JP Nagar Phase 3,2
626,Bangalore,8192000,1572,JP Nagar Phase 3,3
627,Bangalore,6255000,1179,JP Nagar Phase 3,2
628,Bangalore,8830000,1701,JP Nagar Phase 3,3
629,Bangalore,9517000,1841,JP Nagar Phase 3,3
630,Bangalore,7556000,1443,JP Nagar Phase 3,3
631,Bangalore,7554000,1442,JP Nagar Phase 3,3
632,Bangalore,6228000,1173,JP Nagar Phase 3,2
633,Bangalore,7581000,1448,JP Nagar Phase 3,3
634,Bangalore,10800000,2121,JP Nagar Phase 3,3
635,Bangalore,6203000,1168,JP Nagar Phase 3,2
636,Bangalore,7398000,1411,JP Nagar Phase 3,3
637,Bangalore,6070000,1141,JP Nagar Phase 3,2
638,Bangalore,6733000,1276,JP Nagar Phase 3,3
639,Bangalore,6125000,1152,JP Nagar Phase 3,2
640,Bangalore,8086000,1550,JP Nagar Phase 3,3
641,Bangalore,7290000,1389,JP Nagar Phase 3,3
642,Bangalore,6654000,1260,JP Nagar Phase 3,3
643,Bangalore,7980000,1529,JP Nagar Phase 3,3
644,Bangalore,7322000,1395,JP Nagar Phase 3,3
645,Bangalore,6043000,1136,JP Nagar Phase 3,2
646,Bangalore,6706000,1270,JP Nagar Phase 3,3
647,Bangalore,7342000,1399,JP Nagar Phase 3,3
648,Bangalore,7800000,1650,Vidyaranyapura,3
649,Bangalore,6800000,1500,Vidyaranyapura,3
650,Bangalore,4455000,1100,Anagalapura Near Hennur Main Road,2
651,Bangalore,4100000,1000,Anagalapura Near Hennur Main Road,2
652,Bangalore,5700000,1140,Begur,2
653,Bangalore,6000000,1220,Begur,2
654,Bangalore,5755000,1150,Begur,2
655,Bangalore,6695000,1350,Begur,3
656,Bangalore,5896000,1180,Begur,2
657,Bangalore,5600000,1130,Begur,2
658,Bangalore,5800000,1160,Begur,2
659,Bangalore,6577000,1325,Begur,3
660,Bangalore,5473000,1090,Begur,2
661,Bangalore,5849000,1170,Begur,2
662,Bangalore,5825000,1165,Begur,2
663,Bangalore,4489000,1095,Anagalapura Near Hennur Main Road,2
665,Bangalore,16900000,1810,Kodigehalli,3
666,Bangalore,14900000,1740,Kodigehalli,3
667,Bangalore,14100000,1630,Kodigehalli,3
668,Bangalore,12100000,1440,Kodigehalli,2
669,Bangalore,10700000,1245,Kodigehalli,2
670,Bangalore,4831000,1098,Varthur,2
671,Bangalore,3632000,1215,Narayanaghatta,3
672,Bangalore,2960000,990,Narayanaghatta,2
673,Bangalore,3363000,1125,Narayanaghatta,2
674,Bangalore,3087000,950,Anekal City,2
675,Bangalore,3981000,1225,Anekal City,3
676,Bangalore,3331000,1025,Anekal City,2
677,Bangalore,2096000,645,Anekal City,1
679,Bangalore,8370999,1535,Electronic City Phase 2,3
680,Bangalore,8039000,1470,Electronic City Phase 2,3
681,Bangalore,5868000,1045,Electronic City Phase 2,2
682,Bangalore,6021000,1075,Electronic City Phase 2,2
683,Bangalore,7194000,1290,Electronic City Phase 2,2
684,Bangalore,7581000,1380,Electronic City Phase 2,2
685,Bangalore,8137000,1465,Electronic City Phase 2,3
686,Bangalore,28000000,2790,Sahakar Nagar,4
687,Bangalore,13000000,1320,Sahakar Nagar,2
688,Bangalore,26000000,3300,Narayanapura on Hennur Main Road,4
689,Bangalore,10500000,1500,Narayanapura on Hennur Main Road,3
690,Bangalore,11500000,2087,Narayanapura on Hennur Main Road,3
691,Bangalore,12500000,2142,Narayanapura on Hennur Main Road,3
692,Bangalore,11000000,1850,Narayanapura on Hennur Main Road,3
693,Bangalore,12000000,1930,Narayanapura on Hennur Main Road,3
694,Bangalore,2800000,1000,Attibele,1
695,Bangalore,4407000,1075,Anagalapura Near Hennur Main Road,2
696,Bangalore,4407000,1075,Anagalapura Near Hennur Main Road,2
698,Bangalore,10900000,1691,Junnasandra,3
699,Bangalore,4325000,1055,Anagalapura Near Hennur Main Road,2
701,Bangalore,29900000,3205,Banashankari,4
702,Bangalore,28300000,3033,Banashankari,4
703,Bangalore,23500000,2522,Banashankari,3
704,Bangalore,23100000,2480,Banashankari,3
705,Bangalore,21400000,2378,Banashankari,3
706,Bangalore,7830000,1800,JP Nagar Phase 9,3
707,Bangalore,5968000,1372,JP Nagar Phase 9,2
708,Bangalore,6085000,1242,JP Nagar Phase 8,2
709,Bangalore,5439000,1110,JP Nagar Phase 8,2
710,Bangalore,6762000,1380,JP Nagar Phase 8,3
711,Bangalore,5488000,1120,JP Nagar Phase 8,2
712,Bangalore,5478000,1118,JP Nagar Phase 8,2
713,Bangalore,7438000,1518,JP Nagar Phase 8,3
714,Bangalore,6791000,1386,JP Nagar Phase 8,3
715,Bangalore,5997000,1224,JP Nagar Phase 8,2
716,Bangalore,6654000,1358,JP Nagar Phase 8,3
717,Bangalore,5987000,1222,JP Nagar Phase 8,2
718,Bangalore,7006999,1430,JP Nagar Phase 8,3
719,Bangalore,3567000,728,JP Nagar Phase 8,1
720,Bangalore,6051000,1235,JP Nagar Phase 8,2
721,Bangalore,7026000,1434,JP Nagar Phase 8,3
722,Bangalore,5938000,1212,JP Nagar Phase 8,2
723,Bangalore,6237000,1273,JP Nagar Phase 8,2
724,Bangalore,5978000,1220,JP Nagar Phase 8,2
725,Bangalore,5620000,1147,JP Nagar Phase 8,2
726,Bangalore,6149000,1255,JP Nagar Phase 8,2
727,Bangalore,7193000,1468,JP Nagar Phase 8,3
728,Bangalore,6193000,1264,JP Nagar Phase 8,2
730,Bangalore,8073000,1495,Anjanapura,3
732,Bangalore,7028000,1440,Gottigere,3
733,Bangalore,6148000,1245,Gottigere,2
734,Bangalore,7344000,1510,Gottigere,3
735,Bangalore,6419000,1305,Gottigere,2
736,Bangalore,5584000,1120,Gottigere,2
737,Bangalore,6374000,1295,Gottigere,3
738,Bangalore,6058000,1225,Gottigere,2
739,Bangalore,6983000,1430,Gottigere,3
740,Bangalore,6396000,1300,Gottigere,2
741,Bangalore,7163000,1470,Gottigere,3
742,Bangalore,6283000,1275,Gottigere,2
743,Bangalore,6893000,1410,Gottigere,3
744,Bangalore,5674000,1140,Gottigere,2
745,Bangalore,6915000,1415,Gottigere,3
746,Bangalore,7095999,1455,Gottigere,3
747,Bangalore,7389000,1520,Gottigere,3
748,Bangalore,6216000,1260,Gottigere,2
749,Bangalore,7412000,1525,Gottigere,3
750,Bangalore,5606000,1125,Gottigere,2
751,Bangalore,6193000,1255,Gottigere,2
752,Bangalore,5651000,1135,Gottigere,2
753,Bangalore,35500000,2936,Electronic City Phase 1,3
754,Bangalore,11399999,1597,Hosa Road,3
755,Bangalore,10800000,1514,Hosa Road,3
756,Bangalore,10200000,1431,Hosa Road,2
757,Bangalore,9800000,1365,Hosa Road,2
758,Bangalore,7900000,1205,Varthur,2
759,Bangalore,6570000,1007,Varthur,2
760,Bangalore,22799999,2243,Uttarahalli,3
761,Bangalore,21200000,2051,Uttarahalli,3
762,Bangalore,7200000,1350,Budigere Cross,3
763,Bangalore,6500000,1225,Budigere Cross,3
764,Bangalore,6200000,1165,Budigere Cross,2
765,Bangalore,4732000,1315,Sarjapur,3
766,Bangalore,4750000,1320,Sarjapur,2
767,Bangalore,4498000,1250,Sarjapur,2
768,Bangalore,4870000,1290,Sarjapur,3
769,Bangalore,4642000,1290,Sarjapur,2
770,Bangalore,4912000,1365,Sarjapur,3
771,Bangalore,5398000,1500,Sarjapur,3
772,Bangalore,4318000,1200,Sarjapur,2
778,Bangalore,10800000,1745,Begur,3
779,Bangalore,8868000,1417,Begur,2
780,Bangalore,11399999,1814,Begur,3
781,Bangalore,9366000,1503,Begur,2
782,Bangalore,11200000,1814,JP Nagar Phase 9,3
783,Bangalore,9888000,1595,JP Nagar Phase 9,3
784,Bangalore,10800000,1759,JP Nagar Phase 9,3
785,Bangalore,25500000,1839,Koramangala,3
786,Bangalore,34000000,2461,Koramangala,4
787,Bangalore,17500000,1249,Koramangala,2
788,Bangalore,34500000,2503,Koramangala,4
789,Bangalore,19500000,1385,Koramangala,2
790,Bangalore,7100000,1286,Nelamangala,3
791,Bangalore,6400000,1163,Nelamangala,2
792,Bangalore,5500000,966,Nelamangala,2
793,Bangalore,4300000,814,Nelamangala,2
794,Bangalore,3800000,708,Nelamangala,2
795,Bangalore,26000000,3360,ITPL,4
796,Bangalore,18600000,2210,ITPL,3
797,Bangalore,17300000,1930,ITPL,3
798,Bangalore,17100000,1890,ITPL,3
799,Bangalore,11800000,1330,ITPL,2
800,Bangalore,7341000,1635,Kanakapura Road Beyond Nice Ring Road,3
801,Bangalore,6398000,1425,Kanakapura Road Beyond Nice Ring Road,3
802,Bangalore,5837000,1300,Kanakapura Road Beyond Nice Ring Road,2
803,Bangalore,4512000,1005,Kanakapura Road Beyond Nice Ring Road,2
804,Bangalore,66900000,4600,Hebbal,4
805,Bangalore,170600000,8331,Hebbal,5
806,Bangalore,182300000,8902,Hebbal,5
807,Bangalore,74300000,5112,Hebbal,5
808,Bangalore,60100000,6500,Hebbal,4
809,Bangalore,36000000,3900,Hebbal,4
810,Bangalore,36000000,3895,Hebbal,4
811,Bangalore,52200000,5654,Hebbal,4
812,Bangalore,50800000,5500,Hebbal,4
813,Bangalore,49600000,4622,JP Nagar Phase 4,4
814,Bangalore,46400000,4322,JP Nagar Phase 4,4
815,Bangalore,64000000,4400,Hebbal,4
816,Bangalore,61100000,4200,Hebbal,3
817,Bangalore,198600000,9700,Hebbal,5
818,Bangalore,53400000,3670,Hebbal,3
819,Bangalore,202700000,9900,Hebbal,5
820,Bangalore,170000000,8300,Hebbal,5
821,Bangalore,157700000,7700,Hebbal,4
822,Bangalore,56700000,3897,Hebbal,3
823,Bangalore,6594000,1570,Electronic City Phase 1,3
824,Bangalore,5922000,1410,Electronic City Phase 1,3
825,Bangalore,6636000,1580,Electronic City Phase 1,3
826,Bangalore,6762000,1610,Electronic City Phase 1,3
827,Bangalore,5019000,1195,Electronic City Phase 1,2
828,Bangalore,6678000,1590,Electronic City Phase 1,3
829,Bangalore,6720000,1600,Electronic City Phase 1,3
830,Bangalore,5040000,1200,Electronic City Phase 1,2
831,Bangalore,6573000,1565,Electronic City Phase 1,3
832,Bangalore,8353000,1638,Nagarbhavi,3
833,Bangalore,8078000,1584,Nagarbhavi,3
834,Bangalore,6568000,1288,Nagarbhavi,2
835,Bangalore,7756999,1521,Nagarbhavi,3
836,Bangalore,7252000,1422,Nagarbhavi,3
837,Bangalore,6970999,1367,Nagarbhavi,3
838,Bangalore,8749000,1839,Talaghattapura,3
839,Bangalore,6870000,1419,Talaghattapura,2
840,Bangalore,8243000,1726,Talaghattapura,3
841,Bangalore,19500000,2597,Harlur,4
842,Bangalore,6331000,1447,Electronic City Phase 2,3
843,Bangalore,18500000,2569,Harlur,4
844,Bangalore,9730000,2219,Electronic City Phase 2,3
845,Bangalore,6641000,1525,Electronic City Phase 2,3
846,Bangalore,7520999,1727,Electronic City Phase 2,3
847,Bangalore,11100000,1274,Konanakunte,2
848,Bangalore,14200000,1588,Konanakunte,3
849,Bangalore,5739000,1300,Electronic City Phase 2,2
850,Bangalore,10500000,1204,Konanakunte,2
851,Bangalore,6667000,1531,Electronic City Phase 2,3
852,Bangalore,19100000,2140,Konanakunte,3
853,Bangalore,7177000,1375,Anjanapura,2
854,Bangalore,6831999,1309,Anjanapura,2
855,Bangalore,6138000,1176,Anjanapura,2
856,Bangalore,7151000,1370,Anjanapura,2
857,Bangalore,9620000,1843,Anjanapura,3
858,Bangalore,6890000,1320,Anjanapura,2
859,Bangalore,9610000,1841,Anjanapura,3
860,Bangalore,10100000,1950,Anjanapura,3
861,Bangalore,8137000,1559,Anjanapura,3
863,Bangalore,7819000,1498,Anjanapura,3
865,Bangalore,9396000,1800,Anjanapura,3
867,Bangalore,8712000,1669,Anjanapura,3
868,Bangalore,6994000,1340,Anjanapura,2
869,Bangalore,6989000,1339,Anjanapura,2
870,Bangalore,8649000,1657,Anjanapura,3
871,Bangalore,9709000,1860,Anjanapura,3
872,Bangalore,8665000,1660,Anjanapura,3
873,Bangalore,9385000,1798,Anjanapura,3
874,Bangalore,6953000,1332,Anjanapura,2
875,Bangalore,8691000,1665,Anjanapura,3
876,Bangalore,5102000,1179,Kannur on Thanisandra Main Road,2
877,Bangalore,5137000,1188,Kannur on Thanisandra Main Road,2
878,Bangalore,5244000,1215,Kannur on Thanisandra Main Road,2
879,Bangalore,5279000,1224,Kannur on Thanisandra Main Road,2
880,Bangalore,5700000,1414,Anagalapura Near Hennur Main Road,2
882,Bangalore,6183000,1350,Budigere Cross,3
884,Bangalore,5610000,1225,Budigere Cross,2
886,Bangalore,5413000,1030,Kumbalgodu,2
887,Bangalore,10900000,905,Chikkagubbi on Hennur Main Road,3
888,Bangalore,10500000,972,Chikkagubbi on Hennur Main Road,3
889,Bangalore,9500000,1270,Harlur,2
890,Bangalore,12500000,1550,Harlur,3
891,Bangalore,12000000,1550,Harlur,3
892,Bangalore,10400000,1460,Harlur,3
893,Bangalore,13500000,1830,Harlur,3
894,Bangalore,3447000,985,Bommasandra,2
896,Bangalore,8216000,1467,Harlur,2
897,Bangalore,11600000,2067,Harlur,3
898,Bangalore,10100000,1808,Harlur,3
899,Bangalore,8864000,1085,Harlur,3
900,Bangalore,8019000,1050,Harlur,3
901,Bangalore,64000000,2772,Richmond Town,3
902,Bangalore,4611000,1048,Varthur,2
903,Bangalore,6221000,1428,Varthur,3
904,Bangalore,5380000,1255,RR Nagar,2
905,Bangalore,7631999,1482,Jakkur,3
906,Bangalore,6612000,1284,Jakkur,2
907,Bangalore,5443000,1057,Jakkur,2
908,Bangalore,18000000,1800,Jayanagar,3
909,Bangalore,6200000,1400,Subramanyapura,3
910,Bangalore,35900000,1998,Domlur,3
911,Bangalore,24900000,1388,Domlur,3
912,Bangalore,26900000,1498,Domlur,2
913,Bangalore,19400000,1078,Domlur,2
914,Bangalore,8000000,1265,Electronic City Phase 1,2
915,Bangalore,27400000,2187,Bellandur,4
916,Bangalore,15000000,1196,Bellandur,2
917,Bangalore,8200000,1600,Kanakapura Road Beyond Nice Ring Road,3
918,Bangalore,7500000,1480,Kanakapura Road Beyond Nice Ring Road,3
919,Bangalore,6500000,1172,Kanakapura Road Beyond Nice Ring Road,2
920,Bangalore,6000000,1135,Chikkalasandra,2
921,Bangalore,9000000,1885,Yelahanka,3
922,Bangalore,6900000,1440,Yelahanka,3
923,Bangalore,6950000,1392,Avalahalli Off Sarjapur Road,2
924,Bangalore,6711000,1320,Avalahalli Off Sarjapur Road,3
925,Bangalore,4209000,771,Avalahalli Off Sarjapur Road,1
926,Bangalore,5478000,1128,Avalahalli Off Sarjapur Road,2
927,Bangalore,3267000,568,Avalahalli Off Sarjapur Road,1
928,Bangalore,11100000,2221,Avalahalli Off Sarjapur Road,4
929,Bangalore,6731000,1268,Avalahalli Off Sarjapur Road,2
930,Bangalore,6385000,1272,Avalahalli Off Sarjapur Road,2
931,Bangalore,10800000,2147,Avalahalli Off Sarjapur Road,4
932,Bangalore,9278000,1275,Bommanahalli,2
933,Bangalore,9859000,1360,Bommanahalli,3
934,Bangalore,14800000,2616,Devanahalli,3
935,Bangalore,7400000,1323,Devanahalli,3
936,Bangalore,7200000,1207,Devanahalli,2
937,Bangalore,4500000,792,Devanahalli,2
938,Bangalore,4553000,800,Devanahalli,2
939,Bangalore,21500000,2976,Hulimavu,3
940,Bangalore,21300000,2916,Hulimavu,3
941,Bangalore,16200000,2254,Hulimavu,3
942,Bangalore,16000000,2212,Hulimavu,3
943,Bangalore,16000000,2212,Hulimavu,3
944,Bangalore,4518000,795,Devanahalli,2
945,Bangalore,28800000,3963,Hulimavu,4
946,Bangalore,28500000,3891,Hulimavu,4
947,Bangalore,11299999,2180,Begur,4
948,Bangalore,11299999,2180,Begur,4
949,Bangalore,9516000,1830,Begur,4
950,Bangalore,10100000,1960,Begur,3
951,Bangalore,7331999,1410,Begur,3
952,Bangalore,9802000,1885,Begur,2
953,Bangalore,6526000,1255,Begur,2
954,Bangalore,6526000,1255,Begur,2
956,Bangalore,11000000,1805,Begur,3
957,Bangalore,7200000,1207,Devanahalli,2
958,Bangalore,6100000,1043,Devanahalli,2
959,Bangalore,24300000,2563,JP Nagar Phase 4,3
960,Bangalore,24100000,2536,JP Nagar Phase 4,3
961,Bangalore,23600000,2482,JP Nagar Phase 4,3
962,Bangalore,11600000,1615,Bommanahalli,3
963,Bangalore,20900000,2200,JP Nagar Phase 4,3
964,Bangalore,41200000,4336,JP Nagar Phase 4,4
965,Bangalore,40599999,4273,JP Nagar Phase 4,4
966,Bangalore,38400000,4046,JP Nagar Phase 4,4
967,Bangalore,33800000,3563,JP Nagar Phase 4,4
968,Bangalore,32900000,3463,JP Nagar Phase 4,4
969,Bangalore,25700000,2700,JP Nagar Phase 4,4
970,Bangalore,9278000,1275,Bommanahalli,2
971,Bangalore,7200000,1098,Devanahalli,3
972,Bangalore,28100000,3832,Hulimavu,4
973,Bangalore,21500000,2893,Hulimavu,4
974,Bangalore,13600000,1939,Hebbal,3
975,Bangalore,11399999,1628,Hebbal,3
976,Bangalore,21500000,2893,Hulimavu,4
977,Bangalore,21000000,2825,Hulimavu,4
978,Bangalore,22000000,3044,Hulimavu,3
981,Bangalore,11500000,1476,Begur,3
982,Bangalore,12500000,1527,Begur,3
983,Bangalore,10500000,1265,Begur,3
984,Bangalore,10900000,1515,Bommanahalli,3
985,Bangalore,6000000,940,Devanahalli,2
988,Bangalore,5000000,1090,Devanahalli,1
989,Bangalore,4800000,1020,Devanahalli,1
990,Bangalore,23200000,2437,JP Nagar Phase 4,3
991,Bangalore,11800000,1687,Hebbal,3
992,Bangalore,12000000,1712,Hebbal,3
993,Bangalore,12700000,1812,Hebbal,3
994,Bangalore,13400000,1911,Hebbal,3
995,Bangalore,38900000,3870,Hebbal,4
996,Bangalore,6000000,1135,Kumaraswamy Layout,2
997,Bangalore,5367000,1020,Kumbalgodu,2
998,Bangalore,5206000,985,Kumbalgodu,2
999,Bangalore,5183000,980,Kumbalgodu,2
1000,Bangalore,9700000,1555,Electronic City Phase 1,3
1001,Bangalore,9300000,1482,Electronic City Phase 1,3
1002,Bangalore,31800000,2540,Bellandur,4
1003,Bangalore,7706000,1376,Harlur,2
1004,Bangalore,12300000,2202,Harlur,3
1005,Bangalore,9400000,1530,Budigere Cross,3
1006,Bangalore,8600000,1404,Budigere Cross,3
1007,Bangalore,7200000,1157,Budigere Cross,2
1008,Bangalore,9800000,1565,Electronic City Phase 1,3
1009,Bangalore,7900000,1255,Electronic City Phase 1,2
1010,Bangalore,6800000,1305,Bikasipura,1
1011,Bangalore,7200000,1395,Bikasipura,1
1012,Bangalore,7200000,1395,Uttarahalli Hobli,1
1013,Bangalore,4340000,1240,Singasandra,2
1014,Bangalore,4147000,1185,Singasandra,2
1015,Bangalore,3920000,1120,Singasandra,2
1016,Bangalore,2940000,840,Singasandra,2
1017,Bangalore,4602000,1315,Singasandra,2
1018,Bangalore,4532000,1295,Singasandra,2
1019,Bangalore,4322000,1235,Singasandra,2
1020,Bangalore,2660000,760,Singasandra,1
1021,Bangalore,5617000,1605,Singasandra,3
1022,Bangalore,3220000,920,Singasandra,2
1023,Bangalore,2310000,660,Singasandra,1
1024,Bangalore,4270000,1220,Singasandra,2
1025,Bangalore,2835000,810,Singasandra,1
1026,Bangalore,4272000,1000,Anagalapura Near Hennur Main Road,2
1027,Bangalore,4272000,1055,Anagalapura Near Hennur Main Road,2
1029,Bangalore,7320000,1395,Kumaraswamy Layout,2
1030,Bangalore,7150000,1395,Kumaraswamy Layout,1
1031,Bangalore,6700000,1305,Kumaraswamy Layout,1
1032,Bangalore,7150000,1395,Kumaraswamy Layout,1
1034,Bangalore,6850000,1305,Chikkalasandra,2
1035,Bangalore,7300000,1395,Kumaraswamy Layout,2
1036,Bangalore,6800000,1305,Kumaraswamy Layout,1
1037,Bangalore,7100000,1340,Kumaraswamy Layout,2
1038,Bangalore,6800000,1290,Kumaraswamy Layout,1
1039,Bangalore,7100000,1395,Kumaraswamy Layout,1
1041,Bangalore,4489000,1095,Anagalapura Near Hennur Main Road,2
1049,Bangalore,61300000,5600,JP Nagar Phase 6,4
1050,Bangalore,57500000,5249,JP Nagar Phase 6,4
1051,Bangalore,48700000,4449,JP Nagar Phase 6,4
1052,Bangalore,30900000,3103,JP Nagar Phase 6,3
1053,Bangalore,30600000,3077,JP Nagar Phase 6,3
1054,Bangalore,27000000,2711,JP Nagar Phase 6,3
1055,Bangalore,26600000,2671,JP Nagar Phase 6,3
1056,Bangalore,3911000,954,Anagalapura Near Hennur Main Road,2
1057,Bangalore,4495000,1110,Anagalapura Near Hennur Main Road,2
1060,Bangalore,25400000,1839,Koramangala,3
1061,Bangalore,19300000,1385,Koramangala,2
1062,Bangalore,13899999,1623,Sanjaynagar,3
1063,Bangalore,29600000,4237,Yelahanka,4
1064,Bangalore,19500000,2795,Yelahanka,3
1065,Bangalore,7500000,1273,Yelahanka,2
1066,Bangalore,33900000,2461,Koramangala,4
1067,Bangalore,25400000,1839,Koramangala,3
1068,Bangalore,17400000,1249,Koramangala,2
1069,Bangalore,11800000,1378,Sanjaynagar,2
1070,Bangalore,10000000,1169,Sanjaynagar,2
1071,Bangalore,21800000,3122,Yelahanka,4
1072,Bangalore,9900000,1705,Yelahanka,3
1074,Bangalore,5719000,1271,Harlur,2
1076,Bangalore,5797000,1414,Anagalapura Near Hennur Main Road,2
1077,Bangalore,4455000,1100,Anagalapura Near Hennur Main Road,1
1078,Bangalore,14300000,1788,CV Raman Nagar,3
1079,Bangalore,5480000,1370,Varthur,3
1080,Bangalore,4556000,1139,Varthur,2
1081,Bangalore,4616000,1154,Varthur,2
1082,Bangalore,4896000,1224,Varthur,2
1083,Bangalore,4656000,1164,Varthur,2
1084,Bangalore,5719000,1271,Harlur,2
1085,Bangalore,4212000,1040,Anagalapura Near Hennur Main Road,2
1087,Bangalore,9100000,1485,Subramanyapura,3
1088,Bangalore,8400000,1300,Subramanyapura,2
1089,Bangalore,7100000,1135,Subramanyapura,2
1090,Bangalore,6100000,960,Subramanyapura,2
1091,Bangalore,23100000,3245,Electronic City Phase 2,4
1092,Bangalore,13700000,2150,Electronic City Phase 2,4
1093,Bangalore,11000000,1590,Electronic City Phase 2,3
1094,Bangalore,10300000,1500,Electronic City Phase 2,3
1095,Bangalore,9500000,1415,Electronic City Phase 2,2
1096,Bangalore,40000000,2942,Harlur,4
1097,Bangalore,25000000,2368,Harlur,4
1098,Bangalore,20000000,1946,Harlur,3
1099,Bangalore,17700000,1752,Harlur,3
1100,Bangalore,14400000,1483,Harlur,2
1101,Bangalore,37000000,3729,Hebbal,4
1102,Bangalore,31000000,2927,Hebbal,3
1103,Bangalore,7300000,1463,JP Nagar Phase 7,3
1104,Bangalore,5500000,1150,Padmanabhanagar,2
1105,Bangalore,7223999,1720,Begur,3
1106,Bangalore,5552000,1322,Begur,2
1107,Bangalore,5166000,1230,Begur,2
1108,Bangalore,14600000,1836,CV Raman Nagar,3
1109,Bangalore,14200000,1778,CV Raman Nagar,3
1110,Bangalore,15800000,1980,CV Raman Nagar,3
1111,Bangalore,5640000,705,CV Raman Nagar,1
1112,Bangalore,11100000,1392,CV Raman Nagar,2
1113,Bangalore,14600000,1825,CV Raman Nagar,3
1114,Bangalore,13200000,1659,CV Raman Nagar,3
1115,Bangalore,10600000,1596,Whitefield Hope Farm Junction,3
1116,Bangalore,10600000,1574,Whitefield Hope Farm Junction,3
1117,Bangalore,8200000,1173,Whitefield Hope Farm Junction,2
1118,Bangalore,10500000,1561,Hennur,3
1119,Bangalore,9800000,1450,Hennur,3
1120,Bangalore,8100000,1180,Hennur,2
1121,Bangalore,8100000,1180,Hennur,2
1122,Bangalore,29400000,3112,JP Nagar Phase 7,4
1123,Bangalore,23000000,2370,JP Nagar Phase 7,3
1124,Bangalore,23000000,2370,JP Nagar Phase 7,3
1126,Bangalore,4557000,1085,Krishnarajapura,2
1127,Bangalore,4242000,1010,Krishnarajapura,2
1128,Bangalore,4620000,1100,Krishnarajapura,2
1130,Bangalore,7242000,1541,Harlur,3
1131,Bangalore,6509000,1385,Harlur,2
1132,Bangalore,6819000,1451,Harlur,3
1133,Bangalore,6669000,1419,Harlur,3
1134,Bangalore,5701000,1213,Harlur,2
1135,Bangalore,5964000,1269,Harlur,2
